timestamp,open,high,low,close,volume
8.0,108430.0,109157.8,11393.03710588,,0.0
1743735600000.0,82912.2,83063.3,82683.8,82812.5,76.46224566
1743739200000.0,82814.4,82925.2,82610.6,82723.6,69.46983538
1743742800000.0,82723.6,83210.0,82634.3,83205.4,41.64249312
1743746400000.0,83205.5,83255.9,83028.8,83052.7,60.23558162
1743750000000.0,83052.8,84007.9,83039.8,83999.3,273.2029914
1743753600000.0,83999.9,84640.0,83999.9,84414.5,316.89323518
1743757200000.0,84422.0,84720.6,84132.9,84567.2,131.02126636
1743760800000.0,84568.6,84686.9,82419.9,82537.5,623.63730724
1743764400000.0,82567.5,82766.4,81655.3,82678.6,420.78298004
1743768000000.0,82672.0,83199.4,82221.3,82869.4,572.46654042
1743771600000.0,82879.0,83500.0,82138.8,83338.9,559.1270024
1743775200000.0,83337.3,83504.8,81844.0,82561.3,549.10873364
1743778800000.0,82561.9,83698.4,82488.2,82853.1,592.09644592
1743782400000.0,82870.5,83558.3,82735.9,83392.1,325.0691048
1743786000000.0,83392.2,84616.3,82962.4,84465.3,327.4738827
1743789600000.0,84465.3,84584.6,83730.7,83977.8,239.94726738
1743793200000.0,83996.9,84450.0,83781.9,84003.4,225.02920766
1743796800000.0,84001.7,84277.6,83490.3,84159.0,137.45163204
1743800400000.0,84159.1,84441.0,83925.8,84176.3,117.73663802
1743804000000.0,84176.3,84269.4,84014.1,84056.4,70.03990746
1743807600000.0,84056.4,84105.1,83640.0,83887.5,72.09212022
1743811200000.0,83887.6,83887.6,83415.0,83775.8,113.51468919
1743814800000.0,83775.9,84262.0,83775.9,83977.0,107.80614321
1743818400000.0,83977.0,84092.9,83797.5,83976.5,86.44541724000001
1743822000000.0,83976.5,83976.5,83628.6,83630.1,120.68659086
1743825600000.0,83630.0,83866.6,83612.5,83678.0,94.44882126
1743829200000.0,83678.1,83856.7,83625.0,83681.7,78.90710283
1743832800000.0,83681.8,83725.8,83335.9,83475.4,103.39827336
1743836400000.0,83475.4,83557.9,83357.8,83525.6,73.69812429
1743840000000.0,83525.6,83645.7,83363.2,83507.6,70.19496624
1743843600000.0,83510.9,83856.9,83510.9,83839.0,53.89747197
1743847200000.0,83833.6,83895.4,83568.5,83643.8,59.62449813
1743850800000.0,83643.8,83694.0,83448.5,83453.2,83.02120692
1743854400000.0,83453.2,83553.8,83126.4,83274.6,91.9728471
1743858000000.0,83274.7,83326.0,82529.0,82751.4,272.616285
1743861600000.0,82751.4,83027.9,82675.5,82915.0,122.41591446
1743865200000.0,82915.1,82915.1,82388.1,82627.8,206.24600844000005
1743868800000.0,82621.2,82824.9,82600.7,82742.8,61.01919213000001
1743872400000.0,82742.9,82958.9,82672.3,82866.9,51.20814294
1743876000000.0,82867.0,83108.1,82846.9,83031.4,67.6840488
1743879600000.0,83031.4,83140.0,82772.1,82855.7,70.09036719
1743883200000.0,82855.7,83102.7,82819.1,83076.7,188.71738911
1743886800000.0,83076.8,83230.9,82893.2,82911.5,108.81658707
1743890400000.0,82911.5,83218.0,82911.5,83193.6,124.00385409
1743894000000.0,83187.3,83673.5,83122.6,83522.6,151.37193141
1743897600000.0,83529.6,83609.8,83416.8,83524.7,127.65278315999998
1743901200000.0,83524.8,83793.3,83421.2,83433.8,115.21351497
1743904800000.0,83433.8,83493.6,83275.8,83298.5,92.8202973
1743908400000.0,83298.5,83402.9,83171.3,83336.1,62.86887138
1743912000000.0,83338.2,83500.0,83227.8,83500.0,55.9922574
1743915600000.0,83500.0,83530.8,83322.4,83445.7,58.67371878
1743919200000.0,83445.7,83463.9,83107.2,83110.8,64.13932476
1743922800000.0,83115.9,83199.8,83021.9,83021.9,113.10075399
1743926400000.0,83021.9,83044.5,82725.6,83032.6,96.01946925
1743930000000.0,83032.6,83166.0,82925.3,83075.0,51.18174681000001
1743933600000.0,83075.0,83077.8,82716.3,82869.7,68.17156383
1743937200000.0,82869.8,82923.2,82667.7,82844.7,53.24436348
1743940800000.0,82844.7,82974.3,82629.9,82691.4,125.37817617
1743944400000.0,82697.8,82838.2,82215.0,82307.3,190.23440064
1743948000000.0,82307.3,82795.4,82229.8,82662.3,142.21216464
1743951600000.0,82662.2,82809.5,82394.0,82569.5,161.71908944999998
1743955200000.0,82545.8,82556.5,81928.6,81978.2,256.40884512
1743958800000.0,81975.2,81988.7,80561.0,80816.2,764.04498936
1743962400000.0,80816.2,80816.2,78681.5,79078.3,1405.46183538
1743966000000.0,79107.7,79854.6,78835.1,79632.5,536.7296144100001
1743969600000.0,79626.2,79886.1,78541.0,78866.1,710.44231704
1743973200000.0,78866.2,79677.8,78712.7,78950.1,683.1550036799999
1743976800000.0,78951.8,79130.4,77808.0,78066.9,1346.12880885
1743980400000.0,78059.2,78696.3,77152.0,78419.6,1009.20992763
1743984000000.0,78447.9,78521.6,77424.9,78323.3,648.52659612
1743987600000.0,78327.0,79344.4,78313.1,79133.9,510.24006141
1743991200000.0,79133.9,79217.3,78391.9,78442.1,299.25304584
1743994800000.0,78441.6,78498.8,77352.1,77707.4,492.51504822
1743998400000.0,77709.9,77974.0,76659.3,76989.0,739.8623355899999
1744002000000.0,76984.1,77494.6,76664.0,76945.5,560.95847652
1744005600000.0,76945.5,77303.5,74550.0,74807.1,1510.3008804
1744009200000.0,74814.1,75476.8,74505.1,75127.1,755.39885514
1744012800000.0,75120.3,76836.3,75082.3,76259.9,1025.58935445
1744016400000.0,76259.1,76789.0,75751.7,76264.5,724.75704192
1744020000000.0,76274.2,77576.4,76143.0,76976.4,767.67864435
1744023600000.0,76987.6,77397.9,76430.7,76682.2,393.42467034
1744027200000.0,76688.3,77648.2,76415.7,77328.6,943.4816424
1744030800000.0,77317.5,78479.0,75787.5,78344.5,1262.63507211
1744034400000.0,78356.1,81218.1,77885.3,79028.3,4242.45681102
1744038000000.0,79028.4,79361.4,77540.1,78482.9,2065.17528039
1744041600000.0,78482.9,78579.9,77323.0,77428.4,700.31212101
1744045200000.0,77428.4,79191.3,77428.4,79066.2,1379.87672859
1744048800000.0,79077.8,79369.7,78281.7,78477.9,767.61033894
1744052400000.0,78477.8,78956.3,78024.0,78118.8,949.08908409
1744056000000.0,78127.4,79122.0,78104.3,78947.1,500.18719008
1744059600000.0,78940.6,79593.8,78679.7,79220.3,355.48594743
1744063200000.0,79231.8,80214.2,79181.5,79957.2,330.29613659999995
1744066800000.0,79953.0,80081.7,79100.6,79169.3,300.45136068
1744070400000.0,79163.1,79592.9,79000.0,79030.8,209.46458277
1744074000000.0,79017.6,80793.5,78787.0,80594.9,464.10247422
1744077600000.0,80594.9,80870.6,79892.7,79945.3,222.83739294000003
1744081200000.0,79945.3,80193.1,79756.6,79898.6,198.69549174
1744084800000.0,79902.5,80416.9,79857.6,80284.2,165.38941554
1744088400000.0,80296.0,80306.4,79540.9,79867.7,222.42211764
1744092000000.0,79867.7,79867.7,79273.9,79447.9,281.27722938
1744095600000.0,79447.8,79700.0,79224.9,79497.0,216.0351759
1744099200000.0,79489.0,79522.0,78914.7,79152.0,324.50285784
1744102800000.0,79155.6,79224.4,78862.7,78897.7,266.09364639
1744106400000.0,78897.8,79169.7,78826.3,79002.8,147.72561144000002
1744110000000.0,79012.9,80061.8,78961.9,79972.7,400.78974516
1744113600000.0,79976.5,80111.4,79564.4,79830.7,368.4954861
1744117200000.0,79827.7,80363.9,79368.2,79900.8,985.85074683
1744120800000.0,79890.3,80241.2,78473.9,78478.1,652.8173697899999
1744124400000.0,78490.4,78851.9,78179.5,78490.3,467.5280349
1744128000000.0,78490.3,78526.0,77360.1,77413.6,734.96767155
1744131600000.0,77413.6,77554.8,76563.8,77348.0,904.29911145
1744135200000.0,77349.1,78000.0,77086.1,77262.1,786.23727246
1744138800000.0,77253.6,77355.2,76339.0,76847.7,841.8270081300001
1744142400000.0,76857.5,77195.3,76603.0,77127.9,399.32782485000007
1744146000000.0,77130.2,77282.3,76726.8,77091.0,212.35268223
1744149600000.0,77094.1,77134.9,76235.9,76728.0,439.51040439
1744153200000.0,76725.0,76789.2,76306.5,76315.1,300.26496324
1744156800000.0,76324.2,76858.4,75880.6,76523.9,794.68528326
1744160400000.0,76523.9,76595.4,74625.2,76080.0,1993.71749223
1744164000000.0,76064.8,76456.2,75578.6,75674.8,649.91978883
1744167600000.0,75678.6,75873.9,75017.9,75071.6,660.22574976
1744171200000.0,75071.6,76898.4,74994.0,76416.5,978.06624441
1744174800000.0,76416.6,76830.3,76219.7,76731.4,290.18013597
1744178400000.0,76736.0,77325.5,76704.5,76829.8,284.56075104
1744182000000.0,76829.7,77965.8,76824.5,77695.0,1027.95500568
1744185600000.0,77695.1,77874.0,77087.3,77301.6,378.763896
1744189200000.0,77301.6,77533.1,77167.7,77468.7,209.82808557
1744192800000.0,77468.7,77562.9,76946.3,77180.3,441.56139702
1744196400000.0,77187.8,77190.3,75777.2,76230.8,1584.6059163
1744200000000.0,76230.4,77067.8,76031.4,76757.6,780.1703414399999
1744203600000.0,76774.2,77853.0,76710.5,77691.5,1280.10322062
1744207200000.0,77691.5,78307.4,76800.0,76870.6,966.93157623
1744210800000.0,76870.6,77644.9,76837.4,77253.6,649.65452169
1744214400000.0,77247.7,78348.0,77141.9,78269.6,633.70227285
1744218000000.0,78266.7,82263.2,77640.4,82169.2,2926.95732192
1744221600000.0,82182.3,82985.7,81700.0,81779.5,1559.0972565000002
1744225200000.0,81778.4,82814.3,81770.7,82322.9,753.90954018
1744228800000.0,82333.0,83277.9,82007.0,83200.5,783.7224074999999
1744232400000.0,83191.3,83581.7,82840.3,83281.5,496.36144623
1744236000000.0,83281.2,83478.1,82955.1,83053.1,358.01889669
1744239600000.0,83063.3,83156.4,82527.1,82603.3,321.38775909000003
1744243200000.0,82603.4,82735.5,82053.1,82343.8,378.4808067
1744246800000.0,82343.8,82598.0,82222.0,82240.3,231.39753312
1744250400000.0,82240.3,82559.9,82187.6,82193.9,254.76077499
1744254000000.0,82193.9,82216.2,81476.1,81767.8,360.80515431
1744257600000.0,81767.7,82068.2,81630.7,82007.1,222.63712821
1744261200000.0,82017.0,82240.7,81916.7,82154.6,191.51090925
1744264800000.0,82154.7,82343.6,81840.0,82145.3,215.26306335
1744268400000.0,82144.0,82245.5,81296.7,81588.8,472.55100888
1744272000000.0,81589.9,81842.0,81427.8,81537.6,257.83656531
1744275600000.0,81537.6,82077.6,81345.6,82041.1,332.108526
1744279200000.0,82030.4,82107.6,81572.4,81763.5,316.20620847
1744282800000.0,81766.8,81940.0,81500.9,81879.5,247.92277689
1744286400000.0,81872.0,82461.8,81458.5,81713.0,596.80725354
1744290000000.0,81713.0,81946.0,80776.6,80869.4,551.04185664
1744293600000.0,80869.3,81823.5,80645.5,81261.2,408.60073062
1744297200000.0,81266.5,81342.8,78618.5,78758.7,1076.64199791
1744300800000.0,78775.4,79675.6,78471.7,79448.0,838.41815787
1744304400000.0,79446.2,79672.4,78620.1,79318.7,915.85315839
1744308000000.0,79318.6,79868.3,79221.6,79505.9,466.33449345
1744311600000.0,79498.9,80035.8,79307.5,79664.6,610.8649262399999
1744315200000.0,79644.1,79949.7,79561.9,79921.2,474.0813246
1744318800000.0,79931.8,80023.8,79670.7,79708.1,165.19388808
1744322400000.0,79708.1,79920.8,79534.9,79688.9,160.58373662999998
1744326000000.0,79689.0,79739.0,79381.1,79602.9,152.02752221999998
1744329600000.0,79602.8,79749.8,78954.4,79047.9,515.8638142499999
1744333200000.0,79048.0,80452.4,79020.0,80443.3,619.84250526
1744336800000.0,80443.3,80833.6,80153.7,80298.5,332.07697632
1744340400000.0,80292.6,80894.6,80292.6,80843.3,357.30809379000004
1744344000000.0,80839.3,81099.3,80709.7,80887.7,303.93870792
1744347600000.0,80887.8,80914.4,80509.9,80817.6,299.61898845
1744351200000.0,80817.7,81323.0,80817.7,81094.0,358.53374925
1744354800000.0,81094.0,81436.4,80859.8,81264.8,234.89032167
1744358400000.0,81264.9,81941.9,80785.2,81621.8,840.7893157200001
1744362000000.0,81621.9,82425.9,81451.4,82424.3,499.95716004
1744365600000.0,82424.2,82975.6,82294.6,82710.0,405.37809735
1744369200000.0,82710.0,82892.5,82024.0,82123.4,389.01419013
1744372800000.0,82131.1,82549.5,81827.0,82103.4,677.99232447
1744376400000.0,82113.6,83327.6,81823.1,82912.7,991.80999414
1744380000000.0,82912.7,82912.7,81338.1,81901.8,1434.886788
1744383600000.0,81900.0,82688.4,81714.2,82510.9,943.54354161
1744387200000.0,82511.0,83016.7,82018.6,82792.0,703.83129969
1744390800000.0,82784.8,84052.3,82689.9,83917.7,873.6180099000001
1744394400000.0,83917.8,84212.6,83517.0,83603.6,698.9597079299999
1744398000000.0,83609.0,83964.8,83551.2,83862.2,474.1887742500001
1744401600000.0,83852.2,84020.8,83701.4,83838.2,319.58239247999995
1744405200000.0,83828.3,84304.9,83613.0,83669.5,417.73349607
1744408800000.0,83668.1,83723.0,83309.5,83418.5,217.41762309
1744412400000.0,83418.5,83562.8,83161.2,83415.8,131.43961602000002
1744416000000.0,83415.8,83569.6,83238.8,83364.2,208.11843612
1744419600000.0,83364.2,83451.2,83145.6,83213.5,165.02295423
1744423200000.0,83213.6,83310.3,82819.9,82820.2,183.0332148
1744426800000.0,82820.0,83136.4,82800.0,82971.1,166.82864870999998
1744430400000.0,82971.1,83462.4,82860.9,83194.9,292.30466085
1744434000000.0,83202.4,83507.5,83190.7,83329.9,240.38482323
1744437600000.0,83330.0,83781.6,83330.0,83568.4,190.17539214
1744441200000.0,83566.0,83810.0,83481.9,83723.2,211.2127164
1744444800000.0,83723.3,84019.0,83477.0,83604.4,318.93795123
1744448400000.0,83604.5,83765.2,83417.0,83541.8,174.16927635
1744452000000.0,83541.9,83563.0,83305.9,83417.5,102.93364491
1744455600000.0,83417.6,83656.6,83417.6,83526.2,151.21179849
1744459200000.0,83526.2,83927.4,83469.9,83835.0,239.47887303
1744462800000.0,83836.7,84683.1,83569.8,84460.8,674.28523731
1744466400000.0,84460.8,85268.7,84315.6,84832.0,681.39060282
1744470000000.0,84832.0,85398.2,84636.4,85005.7,446.28074595
1744473600000.0,85005.7,85242.6,84590.2,84663.0,405.28982391
1744477200000.0,84663.0,84859.5,84430.0,84757.0,272.20423152
1744480800000.0,84757.1,85193.6,84752.1,85177.4,163.84206534
1744484400000.0,85177.5,85259.9,84831.0,84937.7,164.57335662
1744488000000.0,84937.7,85906.4,84871.7,85515.5,343.01530518
1744491600000.0,85515.6,85567.6,85256.9,85360.7,238.33486362
1744495200000.0,85360.8,85693.0,85322.7,85330.7,148.93979988
1744498800000.0,85330.7,85434.9,85172.2,85269.8,133.47888117
1744502400000.0,85269.8,85567.0,85010.9,85501.5,165.11682219
1744506000000.0,85501.5,86113.7,85145.1,85257.2,408.69640023
1744509600000.0,85256.3,85427.7,84730.0,85291.1,422.0981880000001
1744513200000.0,85291.1,85719.6,85232.9,85430.1,397.87512279
1744516800000.0,85426.0,85433.1,84499.7,84621.2,380.50082088
1744520400000.0,84624.1,84804.7,84403.2,84512.9,293.57972934
1744524000000.0,84512.9,84841.5,84448.1,84604.8,147.13356243
1744527600000.0,84604.9,84774.8,84409.8,84416.9,193.87434432000003
1744531200000.0,84414.3,84693.7,84273.3,84666.3,153.50739039
1744534800000.0,84666.4,84943.7,84500.1,84918.7,154.11922643999998
1744538400000.0,84918.7,84953.5,84514.9,84694.1,170.9260911
1744542000000.0,84694.1,84770.4,84211.6,84525.3,304.08244251
1744545600000.0,84525.4,84684.5,84237.6,84457.8,349.48982619000003
1744549200000.0,84457.9,84597.0,83482.2,83598.0,569.62027128
1744552800000.0,83598.1,84159.7,83484.9,84088.5,431.90856615
1744556400000.0,84088.6,84088.6,83666.0,83849.4,228.91174791000003
1744560000000.0,83849.5,84413.0,83841.7,84215.9,376.15339116
1744563600000.0,84215.9,85000.0,84188.4,84763.6,529.7964574499999
1744567200000.0,84763.7,84945.4,84529.0,84726.0,271.3770033
1744570800000.0,84726.1,84726.1,83043.4,83987.2,709.54522377
1744574400000.0,83987.2,84433.5,83171.9,83492.4,527.4963959400001
1744578000000.0,83503.8,83832.4,83041.1,83604.1,606.08853414
1744581600000.0,83604.2,83870.3,83162.8,83334.1,476.76306567
1744585200000.0,83334.2,83835.1,83164.7,83756.8,391.61084373000006
1744588800000.0,83762.1,85156.9,83670.2,84322.7,644.8690662299999
1744592400000.0,84330.2,84675.1,84085.5,84218.6,411.59118228
1744596000000.0,84218.7,85539.0,84036.6,85134.7,574.72220511
1744599600000.0,85128.9,85131.7,84462.6,84574.5,420.77396058
1744603200000.0,84574.5,85101.1,84432.0,84874.9,340.02403122
1744606800000.0,84874.9,84988.4,84346.1,84579.7,415.84853406
1744610400000.0,84579.8,84651.0,84291.1,84624.0,193.58014626
1744614000000.0,84624.0,84788.9,84232.8,84588.1,199.49693427
1744617600000.0,84588.1,84955.4,84439.3,84763.4,247.85346735
1744621200000.0,84763.4,84911.1,84257.6,84453.7,241.54907895
1744624800000.0,84449.3,84813.9,84315.0,84655.9,265.34866431
1744628400000.0,84655.9,84959.9,84502.1,84926.5,254.75765076
1744632000000.0,84926.5,85227.6,84750.8,85124.6,302.99655629999995
1744635600000.0,85126.6,85268.9,84078.2,84378.3,551.22782295
1744639200000.0,84378.4,85795.6,84272.9,85430.4,550.86123105
1744642800000.0,85420.4,85457.6,83722.2,84112.0,773.95980105
1744646400000.0,84096.9,84666.5,83866.4,84336.8,518.24600409
1744650000000.0,84336.8,84883.3,84220.8,84863.4,436.19329176
1744653600000.0,84863.4,85063.9,84679.2,84974.2,321.91240104
1744657200000.0,84971.3,85200.0,84769.1,84901.1,338.45584326
1744660800000.0,84917.4,84969.9,84533.5,84845.3,295.64002254
1744664400000.0,84845.3,84959.0,84450.1,84706.0,185.0584044
1744668000000.0,84706.0,84736.1,84423.9,84498.7,178.37761329
1744671600000.0,84498.8,84773.6,84414.3,84590.8,178.08014769
1744675200000.0,84590.9,84949.8,84350.3,84930.3,314.96717643
1744678800000.0,84926.9,85132.0,84543.6,84977.7,322.2248085
1744682400000.0,84982.6,85295.4,84685.4,85227.8,300.04977177
1744686000000.0,85227.9,85407.4,85068.5,85380.0,274.12317738
1744689600000.0,85380.1,85522.6,85155.7,85489.9,221.71061808
1744693200000.0,85486.7,85875.0,85483.0,85536.6,328.07578737
1744696800000.0,85532.5,85689.2,85359.5,85390.5,214.61931894
1744700400000.0,85387.2,85785.4,85387.2,85678.9,144.45683091
1744704000000.0,85678.9,86000.0,84991.4,85797.2,91.93419303
1744707600000.0,85797.2,85981.1,85592.1,85981.1,73.08249105
1744711200000.0,85981.5,85997.1,85450.0,85640.9,189.57100977
1744714800000.0,85640.9,85668.9,85363.6,85590.1,184.17076374
1744718400000.0,85590.1,85820.4,85450.0,85820.4,179.17592316000002
1744722000000.0,85820.4,86459.9,85514.9,85587.9,640.40594115
1744725600000.0,85587.9,85974.5,84847.3,85149.7,985.11495903
1744729200000.0,85145.5,85384.4,84625.0,84923.2,502.48941129
1744732800000.0,84923.3,85149.1,84785.7,84857.3,450.99890835
1744736400000.0,84857.4,85002.4,84415.2,84480.7,455.37250836
1744740000000.0,84480.7,84601.3,84150.1,84187.3,496.88389629
1744743600000.0,84187.3,84226.0,83920.0,83995.4,391.97203392
1744747200000.0,83988.1,84203.8,83813.0,84019.5,285.76124778
1744750800000.0,84018.1,84236.8,83871.5,84183.3,349.85014593
1744754400000.0,84183.2,84183.2,83691.0,83837.3,313.97413041
1744758000000.0,83837.4,83863.6,83602.3,83642.8,305.61891231
1744761600000.0,83642.8,83700.8,83141.4,83160.1,375.98497926
1744765200000.0,83154.9,83657.9,83111.2,83634.8,344.89138059000004
1744768800000.0,83635.8,83924.0,83593.2,83886.2,222.69516069
1744772400000.0,83886.3,83949.9,83666.8,83691.9,131.51059158
1744776000000.0,83691.9,83800.0,83401.7,83585.1,130.75777779
1744779600000.0,83585.1,83822.8,83222.1,83358.4,248.54342769
1744783200000.0,83364.2,83726.0,83269.8,83647.2,175.06673304
1744786800000.0,83648.9,83750.1,83309.9,83367.0,160.23173526
1744790400000.0,83360.8,84113.0,83139.2,83735.1,385.12770018
1744794000000.0,83735.1,83937.6,83593.9,83595.1,206.47677513
1744797600000.0,83595.1,83988.3,83570.2,83936.3,152.56325868
1744801200000.0,83936.4,84120.8,83774.5,84045.1,186.97577022
1744804800000.0,84049.4,84261.5,83726.2,83764.4,154.30141866
1744808400000.0,83763.0,84196.2,83508.0,83728.7,454.01533914
1744812000000.0,83722.8,84846.8,83707.6,84603.9,506.81243889000007
1744815600000.0,84603.9,85261.3,84505.0,84841.0,403.55506914
1744819200000.0,84841.0,85226.9,84699.6,85048.9,310.06391496000003
1744822800000.0,85047.8,85547.0,83275.2,83280.4,937.19531718
1744826400000.0,83280.4,84472.5,83279.8,84018.1,877.79912001
1744830000000.0,84024.5,84487.6,83798.1,84339.5,428.61894591
1744833600000.0,84336.0,84664.2,84236.6,84295.2,290.25391026
1744837200000.0,84295.3,84680.0,84261.5,84546.8,159.2955897
1744840800000.0,84546.8,84587.3,84306.1,84457.7,115.0174638
1744844400000.0,84457.7,84492.3,84025.6,84029.0,136.66954167
1744848000000.0,84029.0,84214.2,83940.4,84214.2,179.25298737
1744851600000.0,84214.2,84492.8,84122.2,84331.8,155.51926284
1744855200000.0,84331.7,84331.8,84037.9,84269.1,154.62846438
1744858800000.0,84269.2,84299.1,83823.2,84004.0,172.02361884
1744862400000.0,84004.1,84188.3,83902.1,84149.0,109.63617978
1744866000000.0,84149.0,84490.2,84095.2,84379.0,155.28132612000002
1744869600000.0,84386.7,84874.5,84313.4,84777.1,186.66020463
1744873200000.0,84777.2,85044.5,84592.2,84665.1,215.20341525
1744876800000.0,84665.2,84762.2,84400.0,84443.7,116.83692954
1744880400000.0,84443.7,84535.1,84355.0,84473.3,119.946297
1744884000000.0,84473.3,84507.5,84185.3,84374.0,126.62917407
1744887600000.0,84375.8,84765.6,84278.1,84567.1,151.61334978
1744891200000.0,84567.1,84866.0,84567.1,84773.4,203.59604037000005
1744894800000.0,84773.4,84773.4,84324.0,84475.4,262.84351884
1744898400000.0,84475.4,84475.4,83729.4,84097.0,380.83830456
1744902000000.0,84088.8,84690.8,84088.8,84534.6,356.27761824
1744905600000.0,84534.7,85091.2,84405.9,84941.4,413.07047637
1744909200000.0,84941.5,85202.7,84787.4,85108.5,226.4599644
1744912800000.0,85108.5,85470.1,84907.6,84907.6,252.56138073
1744916400000.0,84905.6,85122.9,84476.1,84846.4,359.28787272
1744920000000.0,84842.7,85147.0,84842.7,85139.3,123.03848214
1744923600000.0,85139.4,85139.4,84895.7,85063.1,105.32620040999998
1744927200000.0,85061.5,85101.6,84730.5,84730.5,76.08484182000001
1744930800000.0,84730.6,85022.8,84730.6,84952.6,73.81057797
1744934400000.0,84952.6,85026.6,84739.7,84831.5,85.38985644
1744938000000.0,84826.3,85139.6,84826.2,84920.4,72.62291838
1744941600000.0,84920.4,84988.0,84814.0,84900.4,62.94953904
1744945200000.0,84900.3,84904.8,84745.7,84834.3,43.82714391
1744948800000.0,84834.3,84839.8,84602.8,84675.2,50.02426899
1744952400000.0,84675.3,84746.5,84521.9,84746.4,70.8848127
1744956000000.0,84746.5,84779.7,84594.1,84725.0,51.20900271
1744959600000.0,84725.1,84725.1,84410.4,84647.9,102.98369724
1744963200000.0,84648.0,84762.3,84606.4,84647.2,70.19114037
1744966800000.0,84647.2,84647.2,84522.3,84550.8,59.8233207
1744970400000.0,84550.9,84656.0,84488.5,84531.1,75.81894015
1744974000000.0,84531.2,84673.1,84472.8,84667.1,73.10195514
1744977600000.0,84667.1,84765.5,84564.9,84650.2,73.42882803
1744981200000.0,84650.2,84650.2,84476.9,84565.8,100.03518705
1744984800000.0,84565.8,84625.5,84383.9,84585.1,81.98723148
1744988400000.0,84585.2,84607.7,84340.2,84378.7,112.2624072
1744992000000.0,84378.8,84551.2,84311.0,84480.8,127.82407941
1744995600000.0,84480.9,84607.4,84392.6,84575.4,57.76584333
1744999200000.0,84575.4,84651.0,84514.1,84621.4,85.30481649000001
1745002800000.0,84621.3,84644.9,84510.9,84561.1,49.83379740000001
1745006400000.0,84561.2,84629.0,84470.0,84524.8,41.51679027
1745010000000.0,84524.9,84685.7,84483.1,84625.6,54.96395316
1745013600000.0,84629.0,84646.8,84424.3,84524.9,47.85914949
1745017200000.0,84525.0,84525.0,84340.4,84465.5,63.31141644
1745020800000.0,84465.2,84478.9,84359.7,84427.9,53.64800001
1745024400000.0,84429.4,84592.1,84424.9,84547.6,49.36299903
1745028000000.0,84547.7,84814.6,84501.0,84790.9,114.01084500000002
1745031600000.0,84790.9,84981.6,84771.2,84885.5,86.1127197
1745035200000.0,84885.5,85266.6,84884.7,85024.0,149.85855678
1745038800000.0,85024.1,85180.4,84996.5,85079.6,62.97644634
1745042400000.0,85079.7,85108.3,84890.1,84923.4,61.55683512
1745046000000.0,84923.4,85241.3,84923.3,85204.1,90.31946487
1745049600000.0,85204.1,85396.7,85109.1,85307.1,95.55158037
1745053200000.0,85307.1,85438.3,85225.6,85329.1,102.40250577
1745056800000.0,85329.2,85342.0,85159.8,85250.9,96.24754068
1745060400000.0,85251.0,85279.9,85115.7,85215.9,78.59814222
1745064000000.0,85216.0,85322.4,85196.9,85285.6,47.74037259
1745067600000.0,85285.6,85488.6,85202.1,85475.4,89.00081499000001
1745071200000.0,85475.4,85492.9,85353.1,85407.0,78.25824093
1745074800000.0,85407.1,85670.6,85071.3,85189.5,179.0017962
1745078400000.0,85189.6,85325.1,84700.0,84842.4,232.23638718
1745082000000.0,84842.5,85255.1,84829.2,85247.7,211.42381662
1745085600000.0,85247.8,85323.0,85140.1,85145.3,106.55807415
1745089200000.0,85145.3,85202.8,85042.4,85084.6,79.53106623
1745092800000.0,85084.6,85264.6,85013.0,85193.3,67.51084401
1745096400000.0,85189.7,85369.0,85181.8,85340.1,44.94430209
1745100000000.0,85340.2,85357.1,85213.0,85250.0,55.98931239
1745103600000.0,85250.1,85250.1,85065.8,85079.3,48.04918824
1745107200000.0,85079.3,85228.6,85044.4,85157.9,70.89777114
1745110800000.0,85167.2,85319.4,85142.0,85309.6,41.18467917
1745114400000.0,85309.7,85320.0,85203.9,85220.5,39.79885344
1745118000000.0,85220.6,85259.3,85115.0,85167.0,21.58599939
1745121600000.0,85167.0,85247.7,85112.4,85187.1,19.35622683
1745125200000.0,85187.1,85192.3,85081.5,85092.9,45.67467006
1745128800000.0,85083.9,85157.2,84852.1,84951.1,81.58463016
1745132400000.0,84951.1,84951.1,84681.7,84785.3,139.07809875
1745136000000.0,84785.4,84789.0,84620.0,84647.7,85.89264003
1745139600000.0,84647.8,84647.8,84459.4,84553.6,72.11155803
1745143200000.0,84553.6,84553.6,84000.0,84191.4,145.45275411
1745146800000.0,84187.3,84274.0,83950.5,84125.8,141.30973226999998
1745150400000.0,84125.8,84491.3,84108.2,84367.5,121.51456176
1745154000000.0,84367.1,84468.3,84154.5,84313.4,105.97832424
1745157600000.0,84313.5,84666.6,84256.7,84635.2,115.41305016
1745161200000.0,84635.2,84635.2,84301.7,84350.7,93.14882409
1745164800000.0,84350.6,84623.0,84276.8,84599.0,91.05204108
1745168400000.0,84599.1,84611.2,84454.9,84578.7,45.94763922
1745172000000.0,84578.7,84645.2,84473.6,84576.7,42.91109343
1745175600000.0,84576.8,84657.8,84525.2,84647.1,39.78329769
1745179200000.0,84647.2,85246.3,84615.9,85121.9,220.22679867
1745182800000.0,85122.0,85245.3,84914.8,85010.0,101.64429405
1745186400000.0,85010.1,85035.6,84676.1,84840.2,76.90767366
1745190000000.0,84837.7,85299.9,84837.7,85188.9,130.57123386
1745193600000.0,85189.0,87028.5,85140.6,86625.4,693.43500582
1745197200000.0,86625.5,87438.5,86625.5,87285.4,510.98473974
1745200800000.0,87294.0,87635.6,87133.0,87350.4,304.91628432
1745204400000.0,87350.3,87611.4,87168.7,87195.7,217.8347628
1745208000000.0,87195.8,87383.8,87056.6,87359.4,143.42395011000002
1745211600000.0,87353.8,87726.2,87335.0,87545.4,195.08579946
1745215200000.0,87545.4,87688.0,87369.2,87522.6,124.08697725
1745218800000.0,87522.7,87618.0,87334.4,87434.3,173.23450047
1745222400000.0,87434.3,87712.0,87417.9,87572.3,108.12698685
1745226000000.0,87572.3,87792.2,87297.3,87497.6,207.79872549
1745229600000.0,87497.7,87569.1,87249.0,87337.6,169.8880641
1745233200000.0,87336.3,87347.9,86645.4,86975.9,282.64843107
1745236800000.0,86975.8,87533.2,86969.7,87044.3,210.91854114
1745240400000.0,87044.4,87574.2,86783.5,87039.3,407.8556277
1745244000000.0,87039.3,88469.0,86954.6,88227.6,727.58490618
1745247600000.0,88227.6,88329.1,87867.9,88046.0,412.87383243
1745251200000.0,88046.0,88257.7,87055.6,87163.3,363.64138179
1745254800000.0,87174.3,87320.0,86395.1,86854.0,561.03847482
1745258400000.0,86854.0,87044.5,86645.0,86800.0,268.2001134
1745262000000.0,86800.0,87480.9,86717.0,87422.0,279.74073171
1745265600000.0,87413.0,87440.2,87145.8,87370.5,112.9007754
1745269200000.0,87370.5,87385.9,86893.5,87274.7,100.6978518
1745272800000.0,87274.7,87281.1,86931.0,87165.8,132.43947372000002
1745276400000.0,87165.8,87629.4,87030.4,87518.5,204.55163421000003
1745280000000.0,87518.6,87722.4,87071.6,87706.9,300.76319787
1745283600000.0,87695.1,88869.3,87513.4,88412.7,571.1525070600001
1745287200000.0,88400.0,88687.0,87906.4,88173.7,314.92555944000003
1745290800000.0,88181.1,88271.3,87838.7,88161.7,244.95595209
1745294400000.0,88161.6,88365.5,88038.1,88055.1,149.82582738
1745298000000.0,88055.2,88408.7,87958.5,88393.8,125.20482141
1745301600000.0,88393.7,88463.3,88000.1,88250.1,158.1709569
1745305200000.0,88250.1,88493.3,88174.4,88477.3,120.43776441
1745308800000.0,88477.3,88687.9,88311.3,88400.0,216.6257838
1745312400000.0,88400.0,88599.0,88309.5,88575.6,133.29337095
1745316000000.0,88575.7,88594.4,88236.2,88507.6,148.09700172
1745319600000.0,88507.1,88694.7,88476.2,88617.9,117.0493791
1745323200000.0,88618.0,89218.6,88481.0,88985.2,294.93161424
1745326800000.0,88991.5,90496.0,88951.0,90226.9,984.03338481
1745330400000.0,90230.5,90936.0,90020.5,90800.1,628.06558629
1745334000000.0,90800.1,91425.3,90385.3,90933.0,626.48562912
1745337600000.0,90933.0,91040.2,90619.0,90682.6,295.71747618
1745341200000.0,90682.7,91483.2,90671.9,91399.4,373.24055661
1745344800000.0,91395.9,91656.5,91134.2,91499.5,344.15303466
1745348400000.0,91499.6,91689.2,90929.8,91417.8,303.68486775
1745352000000.0,91417.8,91504.9,91058.2,91104.2,173.94181875
1745355600000.0,91104.2,93982.2,91051.2,93023.6,956.01759675
1745359200000.0,93026.8,93300.0,92551.2,92785.4,401.43508872
1745362800000.0,92785.8,93840.0,92785.8,93443.6,435.71481939
1745366400000.0,93443.5,93888.3,92800.0,92890.7,416.28096861000006
1745370000000.0,92890.7,93492.9,92594.0,92641.4,259.69930305
1745373600000.0,92641.4,93256.2,92606.4,92868.1,278.69226216
1745377200000.0,92868.1,93220.0,92691.8,93159.6,98.8359399
1745380800000.0,93159.7,93679.0,93017.1,93662.2,178.48922427000002
1745384400000.0,93654.2,93654.2,93300.0,93475.6,233.31952254
1745388000000.0,93475.7,93867.4,93423.0,93622.3,158.39876604
1745391600000.0,93621.4,94265.8,93480.5,94136.9,265.45638501
1745395200000.0,94137.0,94513.1,93908.8,94279.6,295.38472344
1745398800000.0,94279.7,94398.4,93893.6,93893.6,268.21921509000003
1745402400000.0,93893.6,93893.6,93326.1,93728.1,462.1438029
1745406000000.0,93722.8,93777.4,93299.3,93459.5,261.2344944
1745409600000.0,93459.6,93850.0,93410.3,93733.0,255.89596413
1745413200000.0,93733.0,94713.4,92889.7,93019.0,1186.79691078
1745416800000.0,93019.1,93656.4,92686.2,92949.7,688.12200525
1745420400000.0,92945.7,93230.4,91946.9,93195.9,631.98481152
1745424000000.0,93195.9,93781.2,92912.0,93653.2,394.37620083
1745427600000.0,93653.2,93960.0,93451.3,93904.9,251.19578217
1745431200000.0,93905.0,94213.2,93617.0,93617.0,224.48629098000004
1745434800000.0,93617.0,93617.0,92944.3,93496.6,452.55869436
1745438400000.0,93496.6,93864.7,93461.3,93634.3,230.37231942
1745442000000.0,93634.3,93915.7,93255.8,93471.4,141.50256573
1745445600000.0,93482.7,93789.1,93223.4,93782.0,119.16173286
1745449200000.0,93785.4,93845.4,93524.2,93690.3,216.26068098
1745452800000.0,93690.3,93785.3,93245.1,93367.7,144.36256407000002
1745456400000.0,93359.0,93605.3,93080.0,93502.6,116.3594493
1745460000000.0,93494.4,93633.4,93036.5,93100.3,129.93199977
1745463600000.0,93100.4,93325.5,92650.6,92671.9,189.43753533
1745467200000.0,92669.5,92835.3,92392.1,92754.9,216.94279701
1745470800000.0,92754.3,92904.3,92520.3,92577.1,101.14561419
1745474400000.0,92577.2,92670.9,92258.1,92396.1,182.27434131
1745478000000.0,92396.2,92635.4,92100.5,92206.3,190.97233998
1745481600000.0,92206.3,92363.1,91675.8,92025.5,369.43796967
1745485200000.0,92025.6,92585.6,91987.4,92482.8,215.5358586
1745488800000.0,92474.7,92656.4,92368.0,92550.6,127.12528896
1745492400000.0,92550.6,92640.3,92280.6,92614.5,119.84864388
1745496000000.0,92614.6,92800.0,92428.9,92774.6,166.61051811000002
1745499600000.0,92774.6,92969.4,92561.6,92824.3,287.34265212
1745503200000.0,92824.2,93380.2,92625.1,93092.4,408.21091656
1745506800000.0,93092.4,93460.8,93003.0,93200.7,222.81136152
1745510400000.0,93200.8,93583.0,93200.8,93339.4,221.67588933
1745514000000.0,93339.5,93428.1,92667.2,93001.7,266.22406623
1745517600000.0,93001.7,93462.3,92988.4,93382.6,195.75261267
1745521200000.0,93382.5,93644.0,93188.9,93551.9,131.88123492
1745524800000.0,93551.9,93639.5,93302.1,93396.5,136.65666867000002
1745528400000.0,93390.9,93558.6,93010.5,93353.8,152.12304048
1745532000000.0,93353.9,93585.5,93280.1,93429.0,121.5326091
1745535600000.0,93428.9,93999.0,93378.0,93976.8,200.00961285
1745539200000.0,93976.9,94000.0,93513.9,93891.4,132.48340377
1745542800000.0,93891.5,94441.8,93604.1,93673.0,274.12707066
1745546400000.0,93673.0,93880.2,92889.6,92988.9,261.42507738
1745550000000.0,92988.9,93384.6,92851.2,93313.2,179.60268771
1745553600000.0,93313.2,93492.6,93050.0,93055.8,169.31526594000002
1745557200000.0,93055.8,93427.1,93015.1,93215.1,79.51003392000001
1745560800000.0,93215.1,93610.6,93199.4,93539.9,111.47699253
1745564400000.0,93539.9,93859.6,93502.3,93777.7,195.10375203
1745568000000.0,93777.6,93891.9,93620.0,93682.3,150.78931185
1745571600000.0,93682.3,93864.0,93544.0,93818.1,114.48677592
1745575200000.0,93818.1,93961.8,93576.4,93638.4,193.09601025
1745578800000.0,93639.9,94653.5,93639.9,94629.1,274.36556853
1745582400000.0,94631.5,95000.0,94276.6,94412.8,487.67212977
1745586000000.0,94412.8,94682.5,93930.6,94391.9,338.72939928
1745589600000.0,94391.8,95790.0,94369.1,95382.5,912.88861491
1745593200000.0,95382.4,95690.0,94816.3,95057.5,414.88331913
1745596800000.0,95066.9,95377.8,94726.0,95215.2,187.60998474
1745600400000.0,95215.3,95554.9,94371.8,94528.2,293.91998934000003
1745604000000.0,94528.3,95222.5,94528.3,94969.2,196.77157932
1745607600000.0,94969.3,95318.8,94876.2,95290.3,223.61776599
1745611200000.0,95290.3,95343.3,94772.7,94868.8,158.17946271
1745614800000.0,94868.8,95033.9,94461.0,94600.7,108.79335978
1745618400000.0,94600.7,94961.5,94585.6,94840.1,69.93741324000001
1745622000000.0,94840.1,94969.1,94609.2,94638.2,86.94592545
1745625600000.0,94638.2,94933.2,94550.1,94884.8,128.3531451
1745629200000.0,94884.9,95190.6,94755.7,95013.1,95.44115772
1745632800000.0,94990.2,95150.3,94693.4,94992.4,82.77953805
1745636400000.0,94992.5,95055.1,94713.5,94744.1,77.05812918
1745640000000.0,94738.5,94830.0,94525.0,94533.7,70.7696637
1745643600000.0,94533.7,94706.3,94380.8,94630.1,78.07064139
1745647200000.0,94630.2,94743.5,94587.6,94641.5,49.40029107
1745650800000.0,94641.5,94799.0,94567.6,94567.6,80.45747349000001
1745654400000.0,94565.1,94735.0,94274.0,94330.4,160.52528898
1745658000000.0,94330.0,94425.5,94120.7,94275.7,123.72302693999998
1745661600000.0,94275.8,94394.2,94150.0,94210.9,70.94738496
1745665200000.0,94211.0,94258.3,94000.0,94147.1,147.06242436
1745668800000.0,94147.0,94324.8,94113.2,94247.4,114.62053296
1745672400000.0,94247.5,94303.0,93877.3,94153.9,123.53150937
1745676000000.0,94153.9,94271.0,93919.5,94242.5,102.73339305
1745679600000.0,94242.6,94392.9,94181.1,94371.4,118.20510225
1745683200000.0,94369.1,94370.5,94041.0,94294.1,87.95274155999999
1745686800000.0,94294.0,94374.2,94228.0,94321.2,67.41867633
1745690400000.0,94321.3,94376.0,94129.6,94156.1,67.45777047
1745694000000.0,94156.1,94328.4,94093.2,94314.6,63.10155018
1745697600000.0,94307.7,94385.7,94089.7,94089.7,61.25260977000001
1745701200000.0,94089.7,94358.9,94089.6,94349.9,80.54266203
1745704800000.0,94350.0,94792.1,94350.0,94784.7,143.52748076999998
1745708400000.0,94784.8,94887.9,94553.7,94623.8,101.5200999
1745712000000.0,94624.1,94995.8,94571.5,94879.1,123.03249756
1745715600000.0,94879.2,95316.5,94028.8,94118.7,444.77473602
1745719200000.0,94118.8,94468.2,94063.4,94336.4,150.79140711
1745722800000.0,94336.5,94456.2,94140.8,94160.5,110.92037331
1745726400000.0,94157.5,94327.9,94005.1,94014.5,129.03728574
1745730000000.0,94014.6,94177.7,93655.2,93919.5,194.62354572
1745733600000.0,93919.5,94095.3,93879.1,94022.1,83.02812558000001
1745737200000.0,94022.0,94140.0,93930.4,94072.6,71.42159346
1745740800000.0,94072.6,94324.0,94025.4,94212.6,87.79309502999999
1745744400000.0,94212.7,94236.0,94112.1,94163.0,50.52507045
1745748000000.0,94163.1,94186.3,93947.5,94056.2,75.82729413
1745751600000.0,94056.3,94080.8,93882.3,93913.8,96.1387143
1745755200000.0,93912.8,93975.4,93684.2,93739.1,125.7879645
1745758800000.0,93739.2,94088.0,93608.7,94065.1,180.59384919
1745762400000.0,94064.8,94173.3,93925.0,93987.8,113.55028335
1745766000000.0,93984.1,94006.4,93795.0,93904.0,91.10641422
1745769600000.0,93904.1,93932.7,93727.7,93890.4,95.11496619
1745773200000.0,93890.4,94162.1,93800.8,94042.2,115.91384805
1745776800000.0,94042.2,94414.0,93994.4,94288.6,76.45190636999999
1745780400000.0,94289.8,94438.4,94202.4,94430.4,72.4828413
1745784000000.0,94430.3,94440.3,94257.0,94257.0,85.14347106
1745787600000.0,94257.1,94553.2,94169.8,94315.3,119.67494112
1745791200000.0,94315.3,94328.2,93647.6,93939.9,182.82058356
1745794800000.0,93939.9,93939.9,93658.3,93744.0,166.44537984
1745798400000.0,93743.9,93792.5,93279.2,93415.8,420.13693803
1745802000000.0,93415.9,93590.0,92800.1,92939.1,527.59823238
1745805600000.0,92939.2,93615.0,92884.5,93615.0,335.94067533000003
1745809200000.0,93609.9,93982.1,93455.0,93840.6,196.88350476
1745812800000.0,93840.7,94178.2,93840.7,94020.3,233.76991539
1745816400000.0,94020.2,94331.5,93953.1,94220.0,343.33559589
1745820000000.0,94220.0,94666.1,94220.0,94576.1,364.56268416
1745823600000.0,94576.1,94777.0,94481.4,94672.3,415.44601224
1745827200000.0,94672.2,94822.1,94585.4,94701.8,206.39295462
1745830800000.0,94701.8,94874.3,94666.8,94716.1,439.83407859
1745834400000.0,94716.2,95220.0,94329.8,95055.8,714.12359922
1745838000000.0,95055.8,95527.9,95002.5,95316.0,420.51947577
1745841600000.0,95316.1,95592.4,95052.8,95327.7,348.07054704
1745845200000.0,95327.7,95493.3,93925.7,93957.2,638.9430681900001
1745848800000.0,93959.7,94894.6,93850.0,94422.7,425.24435247
1745852400000.0,94422.7,94525.9,93575.8,93824.8,519.486069
1745856000000.0,93830.9,94032.5,93449.1,93729.0,386.24827194
1745859600000.0,93729.6,94109.7,93490.1,94089.5,164.03751486
1745863200000.0,94089.5,94213.9,93795.8,94187.2,212.95618695
1745866800000.0,94181.3,94918.4,94154.0,94798.1,333.54611298000003
1745870400000.0,94783.9,94802.5,94373.0,94476.0,222.71949966
1745874000000.0,94469.5,94553.4,94304.4,94546.5,107.2333851
1745877600000.0,94546.5,94880.0,94479.9,94811.9,193.61634831
1745881200000.0,94812.0,95176.9,94800.7,95013.2,197.7532317
1745884800000.0,95013.3,95236.1,94831.4,95064.2,128.61568479000002
1745888400000.0,95065.3,95456.7,94740.9,94862.5,350.75760357
1745892000000.0,94863.3,94961.5,94507.0,94621.3,262.3794045
1745895600000.0,94616.1,94799.6,94444.0,94654.3,158.32264515
1745899200000.0,94654.4,94873.2,94313.2,94368.0,191.11086531
1745902800000.0,94359.4,94421.6,94215.3,94280.1,148.23983151
1745906400000.0,94280.0,94800.0,94259.7,94770.2,126.73932267
1745910000000.0,94770.2,94965.0,94709.3,94914.7,205.50009363
1745913600000.0,94914.8,95091.8,94811.5,95022.0,164.39537331
1745917200000.0,95022.1,95084.4,94781.4,94987.3,144.0897699
1745920800000.0,94987.4,95037.8,94739.4,94812.6,145.00702743
1745924400000.0,94812.6,95286.9,94803.0,95135.5,194.68943247
1745928000000.0,95134.4,95166.1,94786.6,94812.5,151.19471373
1745931600000.0,94812.6,95020.9,94589.2,94794.4,274.29180341999995
1745935200000.0,94789.8,95289.9,94526.9,95041.6,418.36751178
1745938800000.0,95041.6,95123.5,94736.0,94842.9,252.66598227
1745942400000.0,94843.0,95451.2,94805.7,94950.4,335.96726466
1745946000000.0,94952.3,95364.5,94654.9,95225.7,308.27784282
1745949600000.0,95235.9,95441.9,95062.2,95389.0,221.235462
1745953200000.0,95389.1,95438.7,95217.6,95303.7,146.29047942
1745956800000.0,95303.7,95403.4,94818.8,94842.7,146.34617315999998
1745960400000.0,94842.7,94972.0,94351.3,94745.3,302.43220425
1745964000000.0,94740.2,94740.2,94023.7,94158.7,276.98587968000004
1745967600000.0,94156.4,94299.8,93736.7,94256.3,260.56778553
1745971200000.0,94256.2,94632.9,94137.1,94543.9,174.88665141
1745974800000.0,94544.0,94612.7,94283.2,94529.4,106.96129911
1745978400000.0,94529.5,94782.2,94454.1,94644.2,103.67837685
1745982000000.0,94644.3,95113.6,94502.0,95035.2,159.62895072
1745985600000.0,95035.2,95179.9,94870.6,95051.0,142.79707395
1745989200000.0,95054.8,95110.2,94869.2,94896.5,103.9586412
1745992800000.0,94896.6,94972.2,94749.0,94749.6,64.32648006
1745996400000.0,94749.6,94881.1,94500.1,94623.2,108.50868042
1746000000000.0,94623.2,94807.5,94528.2,94717.0,95.53575747
1746003600000.0,94717.1,95051.0,94665.4,94966.8,101.13861129
1746007200000.0,94974.2,95026.1,94854.6,94944.3,110.63998278
1746010800000.0,94944.4,95220.0,94931.0,95171.0,140.56425185999998
1746014400000.0,95171.0,95215.0,94351.3,94550.4,376.09998471
1746018000000.0,94555.1,94644.2,93020.4,93037.0,657.66236796
1746021600000.0,93037.0,94356.6,92911.9,93710.7,663.63083433
1746025200000.0,93703.9,94111.1,93659.9,94001.9,224.91200472
1746028800000.0,93993.7,94191.6,93537.0,93941.3,228.25883652
1746032400000.0,93941.4,94265.9,93755.2,94101.3,111.04509051
1746036000000.0,94101.3,94509.9,94002.9,94086.5,174.14415738
1746039600000.0,94086.4,94275.5,93747.5,94167.6,166.85698659
1746043200000.0,94160.1,94740.7,94116.0,94552.6,192.85928991
1746046800000.0,94559.5,94781.3,94378.7,94425.1,121.18688235
1746050400000.0,94423.3,94711.0,94047.7,94114.2,140.50777326
1746054000000.0,94114.3,94335.1,93998.6,94181.8,113.8624656
1746057600000.0,94177.4,94399.2,94136.9,94399.2,95.19052938
1746061200000.0,94400.0,94705.2,94394.5,94649.8,142.72123356
1746064800000.0,94649.9,94971.8,94618.0,94835.9,125.50051587
1746068400000.0,94848.5,95018.9,94683.6,94782.1,183.47252214
1746072000000.0,94782.1,94928.6,94718.5,94864.7,78.17012625
1746075600000.0,94864.7,95170.6,94843.8,95155.3,178.07309514000002
1746079200000.0,95147.9,95181.8,94807.4,94886.7,122.1606084
1746082800000.0,94886.8,95100.0,94796.2,95022.4,96.40400463
1746086400000.0,95017.5,95208.8,94906.9,95208.7,2240.35285689
1746090000000.0,95208.8,95809.4,95141.9,95520.3,8415.70954008
1746093600000.0,95520.4,96394.0,95520.4,96171.9,19666.18703637001
1746097200000.0,96171.9,96261.9,95838.8,96183.5,6458.4718645600005
1746100800000.0,96183.5,96504.3,96111.0,96376.1,31887.19508524
1746104400000.0,96376.1,96741.0,95800.0,95819.4,18522.80492165
1746108000000.0,95810.9,96933.0,95810.9,96835.2,19877.90792109
1746111600000.0,96832.1,97434.3,96749.8,96854.5,26034.58625642
1746115200000.0,96854.4,97365.2,96854.4,97007.9,8692.747739759998
1746118800000.0,97008.0,97232.7,96518.0,96814.6,28333.08633188
1746122400000.0,96814.7,96986.8,96436.0,96875.2,24984.425384450005
1746126000000.0,96875.3,96900.0,96419.4,96555.4,23913.277561420004
1746129600000.0,96550.0,96894.7,96318.2,96418.0,11083.956103509996
1746133200000.0,96414.8,96785.0,96395.7,96475.7,3062.517184550001
1746136800000.0,96476.5,96658.0,96368.1,96384.9,3527.387146940001
1746140400000.0,96386.5,96519.9,96188.0,96488.2,3124.10640451
1746144000000.0,96488.0,97065.6,96468.0,97041.8,7572.221374919996
1746147600000.0,97041.8,97188.8,96767.1,96975.8,7696.293569720003
1746151200000.0,96975.8,97059.5,96731.6,96956.9,2971.23459922
1746154800000.0,96957.0,97240.0,96957.0,97109.9,5408.352122540003
1746158400000.0,97110.0,97300.0,96880.0,96940.7,6211.726216769997
1746162000000.0,96940.8,97001.3,96628.0,96713.4,3638.145605699999
1746165600000.0,96713.4,96896.1,96552.2,96719.9,5029.259256990001
1746169200000.0,96719.9,96737.9,96348.2,96362.4,48104.71571634005
1746172800000.0,96362.3,96781.0,96353.9,96641.2,39902.88108262001
1746176400000.0,96641.2,96789.5,96467.5,96614.0,3387.36896845
1746180000000.0,96614.0,96939.9,96604.0,96900.0,6729.203539680005
1746183600000.0,96900.0,97100.0,96883.9,96934.2,17215.609977809992
1746187200000.0,96933.3,97211.7,96650.0,97195.9,23425.603508820008
1746190800000.0,97196.0,97269.1,96674.9,96774.0,13591.512332370005
1746194400000.0,96774.0,97896.0,96702.1,97746.1,40942.33417116002
1746198000000.0,97746.1,97890.0,97058.1,97331.1,18475.55531496
1746201600000.0,97331.1,97799.9,97330.1,97352.7,16014.34117701
1746205200000.0,97352.7,97432.3,97052.7,97396.2,10669.833539939991
1746208800000.0,97396.3,97620.9,97155.2,97178.6,14546.975773020004
1746212400000.0,97178.5,97189.8,96766.6,96922.5,15222.83390892002
1746216000000.0,96920.0,97140.0,96836.7,97021.6,5359.303257690006
1746219600000.0,97020.9,97043.6,96566.8,96727.6,4749.442572809998
1746223200000.0,96725.7,96797.2,96571.5,96654.7,6072.972955259997
1746226800000.0,96654.7,96905.2,96600.1,96891.6,4754.905096590004
1746230400000.0,96891.7,96929.3,96626.1,96702.3,6400.386019860005
1746234000000.0,96702.3,96729.9,96437.5,96505.3,9081.989796210008
1746237600000.0,96508.0,96710.5,96492.1,96534.3,13379.49213201
1746241200000.0,96534.3,96543.1,96321.4,96338.7,18196.75328508
1746244800000.0,96338.7,96591.5,96310.1,96519.4,3083.667942870001
1746248400000.0,96519.5,96600.0,96415.1,96424.3,3888.67231095
1746252000000.0,96424.4,96424.4,96140.0,96179.9,9545.258924489994
1746255600000.0,96180.0,96400.0,96157.7,96335.5,11314.414177050014
1746259200000.0,96335.6,96444.3,96145.6,96302.0,52549.86889312
1746262800000.0,96302.1,96418.2,96200.0,96260.9,4157.988643379999
1746266400000.0,96261.0,96261.0,95853.3,95916.1,21969.36576783001
1746270000000.0,95916.1,96099.9,95874.3,95944.0,8796.072248620012
1746273600000.0,95944.1,96182.7,95892.0,96135.9,9198.58195724001
1746277200000.0,96136.0,96346.0,96111.7,96344.0,5434.489690749996
1746280800000.0,96343.9,96460.2,96291.0,96381.9,6061.7409122
1746284400000.0,96381.9,96514.0,96326.1,96428.0,21516.48887285001
1746288000000.0,96428.0,96434.2,96083.7,96215.1,10361.506711789987
1746291600000.0,96215.0,96215.0,95875.7,96198.1,7689.045277160002
1746295200000.0,96198.1,96279.9,96105.0,96155.0,3032.710100479996
1746298800000.0,96155.1,96366.6,96131.2,96359.9,3287.13045321
1746302400000.0,96360.0,96402.2,96291.4,96350.9,3661.598750500001
1746306000000.0,96351.0,96448.0,96250.0,96278.7,6163.674787160008
1746309600000.0,96278.8,96367.7,96168.2,96180.6,6435.543658660001
1746313200000.0,96180.6,96186.0,95752.0,95861.6,15012.702703949988
1746316800000.0,95860.1,96055.0,95777.5,95876.7,6447.265393309996
1746320400000.0,95876.8,96184.7,95600.0,96102.5,25671.65869936
1746324000000.0,96102.6,96306.4,95808.0,95891.2,20281.67145983997
1746327600000.0,95891.3,95903.7,95666.6,95736.0,11996.583678059988
1746331200000.0,95736.0,95945.9,95735.0,95738.1,6357.4987848900055
1746334800000.0,95738.2,96145.4,95700.0,96048.0,8879.635802319997
1746338400000.0,96048.1,96148.0,95877.8,95915.9,8114.634377399985
1746342000000.0,95916.0,96089.3,95814.7,95895.3,6405.39150738
1746345600000.0,95895.3,95939.3,95430.0,95650.0,22612.765490820013
1746349200000.0,95650.0,95696.9,95441.3,95495.9,8836.823916169997
1746352800000.0,95496.0,95537.9,95300.0,95400.4,15679.252980109995
1746356400000.0,95398.2,95567.0,95361.9,95430.0,6560.478281540012
1746360000000.0,95430.0,95600.0,95418.1,95477.9,6576.0644149199925
1746363600000.0,95478.0,95613.3,95234.0,95386.7,11578.330030999996
1746367200000.0,95389.5,95649.2,95335.3,95611.9,7145.14639834001
1746370800000.0,95607.9,95696.9,95424.9,95467.6,9246.823515579992
1746374400000.0,95467.6,95570.7,95295.0,95347.2,6344.803784409991
1746378000000.0,95347.2,95484.1,95242.6,95409.5,6037.84859092
1746381600000.0,95409.5,95495.9,95361.0,95384.5,5245.795881220005
1746385200000.0,95384.5,95640.4,95341.9,95583.3,5236.984925540008
1746388800000.0,95584.0,95730.7,95569.2,95716.5,8054.424868829984
1746392400000.0,95716.6,95760.4,95620.3,95671.2,5930.497751720001
1746396000000.0,95671.3,95684.5,94738.0,95019.9,55591.64542177
1746399600000.0,95019.8,95038.2,94159.4,94280.5,68514.99820881999
1746403200000.0,94280.6,94800.0,94200.0,94714.1,16568.12295306003
1746406800000.0,94714.1,94757.1,93709.0,93927.4,76006.82217595007
1746410400000.0,93927.5,94393.9,93513.1,94241.9,34830.628136250016
1746414000000.0,94242.0,94303.4,94021.6,94044.0,14023.893015170008
1746417600000.0,94044.1,94451.2,94024.9,94417.9,16010.239031879995
1746421200000.0,94418.3,94771.9,94234.0,94741.5,23124.70186533001
1746424800000.0,94744.0,94790.0,94577.5,94766.9,15567.386625839972
1746428400000.0,94766.9,94825.6,94536.1,94759.9,18474.07178130001
1746432000000.0,94760.0,94796.0,94500.4,94567.8,16655.292279570025
1746435600000.0,94567.9,94654.0,94490.0,94566.9,10408.657923630004
1746439200000.0,94567.0,94575.4,94062.8,94126.0,28462.12763382001
1746442800000.0,94126.1,94287.4,93900.1,94046.0,26928.97121169001
1746446400000.0,94046.1,94354.0,93917.3,94339.9,16765.096099710005
1746450000000.0,94339.9,94415.6,93651.2,94233.2,42906.03362510995
1746453600000.0,94233.2,94566.6,93732.9,93887.9,41147.27135544006
1746457200000.0,93887.9,93981.3,93614.1,93782.8,24761.36430165001
1746460800000.0,93782.9,94291.6,93766.0,94216.0,18029.86099171
1746464400000.0,94216.1,94634.0,94070.0,94511.4,22474.60059465001
1746468000000.0,94511.5,94916.8,94450.0,94733.1,18866.84959565999
1746471600000.0,94733.2,94906.6,94286.8,94351.0,14865.828080749996
1746475200000.0,94350.0,94370.0,93879.4,94254.0,36526.81196722005
1746478800000.0,94254.0,94843.5,94242.0,94725.9,17213.325364869987
1746482400000.0,94725.9,95217.5,94717.9,95049.9,48091.15042436992
1746486000000.0,95049.9,95138.0,94722.4,94737.3,34308.27053291
1746489600000.0,94737.3,94786.0,94440.3,94606.3,14787.28144683002
1746493200000.0,94606.3,94935.0,94317.0,94317.1,27866.54398061005
1746496800000.0,94317.1,94404.9,94032.9,94341.4,22808.85133777
1746500400000.0,94341.4,94518.9,94232.1,94466.4,16318.390293870025
1746504000000.0,94466.5,94592.7,94348.5,94579.8,10782.84462375
1746507600000.0,94579.9,94613.9,94311.7,94345.5,22233.20056919996
1746511200000.0,94345.5,94498.6,94339.3,94498.6,9909.384745860005
1746514800000.0,94498.6,94637.5,94350.1,94397.3,18921.86088218001
1746518400000.0,94397.3,94400.0,94005.7,94379.9,50310.64325408996
1746522000000.0,94379.9,94381.9,94115.0,94223.4,14674.022316659984
1746525600000.0,94223.5,94338.2,93866.3,93953.2,36442.43045315002
1746529200000.0,93953.2,94069.0,93720.1,93814.0,18289.98651209001
1746532800000.0,93814.1,94052.0,93770.0,93953.7,23232.26239207001
1746536400000.0,93953.8,94021.9,93390.1,93618.2,69076.83597442004
1746540000000.0,93618.3,94695.6,93610.5,94160.5,105348.58278597992
1746543600000.0,94153.4,94737.9,94085.8,94567.9,63500.01492596
1746547200000.0,94568.0,94820.5,94222.0,94238.0,44579.42579093002
1746550800000.0,94239.4,94861.2,94238.0,94527.4,34976.412790280025
1746554400000.0,94529.7,95100.2,94505.1,95075.2,37512.32601134996
1746558000000.0,95075.3,95170.0,94919.0,94972.1,52164.95583143013
1746561600000.0,94972.0,95026.8,94629.8,94678.0,24107.56349541001
1746565200000.0,94678.1,94802.0,94455.5,94696.0,9099.985441139992
1746568800000.0,94695.9,96287.5,94680.4,96256.2,206628.4661730897
1746572400000.0,96256.2,96923.4,96099.2,96833.9,92507.98239184987
1746576000000.0,96838.1,97500.0,96753.7,97418.1,132416.85217609984
1746579600000.0,97418.0,97731.8,97192.2,97252.8,68336.07942643003
1746583200000.0,97252.7,97280.5,96483.3,96634.0,82546.98501702989
1746586800000.0,96634.0,96676.0,96213.3,96517.4,44393.87757209002
1746590400000.0,96517.5,96718.8,96428.9,96586.0,15578.243213109929
1746594000000.0,96586.0,96586.0,96324.0,96390.0,28130.37159614005
1746597600000.0,96390.0,96666.6,96367.4,96570.0,23830.64834978
1746601200000.0,96569.9,97009.6,96555.2,96993.8,25870.34056711996
1746604800000.0,96993.8,97083.0,96866.9,97021.7,25825.11403333005
1746608400000.0,97021.8,97057.9,96873.9,96976.4,26757.05201703
1746612000000.0,96976.5,97118.0,96830.0,97023.9,25743.439795309983
1746615600000.0,97024.0,97070.4,96931.0,97053.0,15371.855391219984
1746619200000.0,97053.0,97198.7,96868.5,96972.4,25130.96762039001
1746622800000.0,96972.4,97311.2,96715.2,97019.9,50759.19946155002
1746626400000.0,97019.9,97497.8,96811.0,96936.5,70804.33136685018
1746630000000.0,96936.4,97164.7,96766.2,96937.0,21040.28167365001
1746633600000.0,96937.0,96959.3,96518.0,96856.1,24756.37878411996
1746637200000.0,96856.0,96892.5,96199.1,96319.9,42531.30508422005
1746640800000.0,96317.4,96875.0,95900.0,96596.0,82458.6561884398
1746644400000.0,96596.0,96625.0,95788.9,96186.1,61192.16097485996
1746648000000.0,96187.9,96768.1,96079.0,96768.1,21232.56981279001
1746651600000.0,96768.2,97323.0,96653.1,97125.1,37640.75932298
1746655200000.0,97126.1,97310.3,97015.9,97261.8,27376.87779551
1746658800000.0,97261.8,97396.9,96980.5,97026.0,35228.82509951999
1746662400000.0,97026.0,97802.7,96882.9,97767.1,47716.35071337
1746666000000.0,97767.2,98379.7,97599.7,97821.9,234660.5230925404
1746669600000.0,97814.1,98852.6,97814.1,98676.7,102693.76813495973
1746673200000.0,98676.6,99233.9,98533.9,99148.6,87799.70526020983
1746676800000.0,99148.7,99421.9,98932.6,98955.1,86606.89856691027
1746680400000.0,98955.2,99129.6,98740.0,98752.0,37649.79429514
1746684000000.0,98752.0,99043.7,98728.0,99040.0,33402.75262033997
1746687600000.0,99040.0,99400.0,99040.0,99263.7,98916.77405739031
1746691200000.0,99263.7,99800.0,99215.0,99671.7,126470.88967709993
1746694800000.0,99671.7,99819.4,99544.0,99796.0,70801.78442603991
1746698400000.0,99796.1,99900.0,99688.0,99787.4,51910.72986783
1746702000000.0,99787.3,99790.0,99419.2,99419.3,97490.64931713004
1746705600000.0,99419.3,99567.0,99258.1,99295.3,62466.64498058008
1746709200000.0,99295.4,99640.2,99090.4,99301.4,58796.26849200976
1746712800000.0,99301.5,99818.8,99158.0,99380.0,113959.24668521996
1746716400000.0,99378.1,101546.6,99322.0,100763.4,432762.750330461
1746720000000.0,100763.3,101358.0,100594.9,101286.0,98382.13273224988
1746723600000.0,101286.0,101714.2,100793.6,101023.0,100613.36602003004
1746727200000.0,101023.0,101473.6,100965.8,101365.9,40555.08554107996
1746730800000.0,101365.9,101365.9,100970.1,101317.0,104004.83112299028
1746734400000.0,101318.0,102852.0,101290.0,102614.2,170394.6847558302
1746738000000.0,102613.5,104295.8,102120.1,102832.5,246364.7214211196
1746741600000.0,102832.5,103229.4,102405.5,103017.8,83525.4529809899
1746745200000.0,103017.9,103309.3,102794.0,103270.0,52815.038177010094
1746748800000.0,103269.9,103274.0,102550.4,102824.4,57605.68582167018
1746752400000.0,102824.4,103139.2,102556.2,103102.5,72634.26436599027
1746756000000.0,103102.4,103102.4,102511.1,102611.9,40966.08548978992
1746759600000.0,102611.9,102803.7,102362.5,102457.3,85514.6111634598
1746763200000.0,102452.1,102857.2,102376.2,102827.1,54463.01100320002
1746766800000.0,102827.1,102972.2,102588.1,102972.1,67580.40299647002
1746770400000.0,102972.2,103270.6,102928.1,103238.7,133179.46312582004
1746774000000.0,103238.1,104366.0,103123.1,103636.1,311866.88926746085
1746777600000.0,103636.0,103942.0,102650.0,102966.8,173333.42944061972
1746781200000.0,102964.5,103290.7,102415.9,102923.7,114004.64986104048
1746784800000.0,102924.5,103474.0,102800.1,103368.4,47804.13587805014
1746788400000.0,103368.1,103524.9,102680.5,102962.6,71137.02504213012
1746792000000.0,102962.7,103163.9,102800.1,102903.9,32179.56840801004
1746795600000.0,102904.0,103791.1,102829.0,103626.8,72153.93298544986
1746799200000.0,103624.3,103749.9,102419.1,103162.4,191915.6269879801
1746802800000.0,103162.7,103318.6,102700.0,102904.0,70641.95551155027
1746806400000.0,102904.7,102938.0,102326.0,102486.8,58051.44551838
1746810000000.0,102486.8,103240.0,102348.1,103212.8,66379.83549279002
1746813600000.0,103212.8,103373.0,102933.4,103191.7,47231.33882537992
1746817200000.0,103183.1,103293.9,102897.6,103199.9,55674.80691557983
1746820800000.0,103195.9,103418.0,103141.0,103193.9,25422.09330966001
1746824400000.0,103194.0,103227.8,102777.7,102992.0,30993.26125838005
1746828000000.0,102992.0,103082.0,102750.0,102790.9,15377.330163429991
1746831600000.0,102791.0,102993.0,102740.1,102986.0,16775.690649540018
1746835200000.0,102986.1,103135.2,102824.2,102862.1,37514.124302680066
1746838800000.0,102862.2,103124.0,102860.0,102978.1,17469.33684665008
1746842400000.0,102978.1,103272.9,102944.9,103152.1,25594.078668950013
1746846000000.0,103152.1,103230.5,102982.8,103222.5,15515.881079540008
1746849600000.0,103222.5,103222.5,103040.7,103168.0,14181.165886610032
1746853200000.0,103168.1,103370.4,103105.9,103370.4,45327.319896309986
1746856800000.0,103370.5,103956.7,103370.1,103946.4,91910.40570585056
1746860400000.0,103946.1,104122.0,103642.9,103777.9,85473.01035502992
1746864000000.0,103778.0,104091.1,103466.6,103638.2,71144.95852272
1746867600000.0,103638.2,103922.8,103368.0,103775.9,59213.883566489996
1746871200000.0,103776.0,103899.5,103591.7,103598.0,23432.612924959984
1746874800000.0,103596.2,103670.0,103392.0,103432.2,33678.039225830005
1746878400000.0,103432.3,103830.0,103422.7,103702.7,34432.84680023
1746882000000.0,103702.8,103808.6,103532.0,103640.1,26655.42829028004
1746885600000.0,103640.1,103677.4,103425.0,103526.9,29903.051840410055
1746889200000.0,103526.9,103539.0,103100.6,103143.3,43796.56316767002
1746892800000.0,103143.3,103535.9,103130.6,103451.0,79044.66801843997
1746896400000.0,103451.1,103631.1,103160.0,103177.3,67354.6440968803
1746900000000.0,103176.4,103315.7,103010.0,103240.1,43734.78691007008
1746903600000.0,103240.1,103311.7,103078.3,103195.5,42935.97990499002
1746907200000.0,103195.5,103326.8,103064.9,103193.9,11202.350794400023
1746910800000.0,103194.0,103804.0,103165.8,103758.1,19741.655532410037
1746914400000.0,103758.0,103846.1,103548.4,103593.8,31430.60123595005
1746918000000.0,103592.0,104999.1,103572.4,104820.0,176966.40111029916
1746921600000.0,104819.9,104968.8,103920.0,104428.6,101109.73028425987
1746925200000.0,104428.7,104542.3,103870.0,104136.7,48948.69951077002
1746928800000.0,104136.6,104296.1,103457.9,103764.0,72599.03261729993
1746932400000.0,103764.0,104192.1,103653.9,104012.3,41612.218366330024
1746936000000.0,104005.3,104405.5,103994.9,104164.0,33817.77574062006
1746939600000.0,104164.0,104207.9,103808.6,103840.3,21581.176445120054
1746943200000.0,103840.3,103986.0,103613.4,103862.7,37079.0812768501
1746946800000.0,103862.8,103874.0,103339.2,103380.7,73339.96195305018
1746950400000.0,103380.7,104029.1,103380.6,103823.6,44774.602159819966
1746954000000.0,103823.6,104480.0,103819.0,104351.4,51996.89399474
1746957600000.0,104351.4,104663.9,104193.5,104650.6,44471.16899902996
1746961200000.0,104644.8,104785.7,104371.0,104656.0,45920.07432206023
1746964800000.0,104656.1,104900.0,104518.7,104596.0,148206.75387110992
1746968400000.0,104596.1,104655.7,103948.5,103975.3,153237.91323047987
1746972000000.0,103975.4,104295.2,103783.1,104165.9,68388.30726833
1746975600000.0,104165.9,104688.0,103906.8,104140.4,70846.54000001012
1746979200000.0,104140.5,104175.2,103750.1,103992.0,46547.04994459019
1746982800000.0,103992.0,104160.0,103791.3,104034.3,19795.76470287
1746986400000.0,104034.4,104839.9,103861.1,104556.4,42109.51988267016
1746990000000.0,104538.2,104660.6,104357.6,104421.5,19354.25673093005
1746993600000.0,104421.5,104450.0,104158.5,104272.5,15708.99143154002
1746997200000.0,104272.6,104397.9,103950.1,104363.9,29275.56913260992
1747000800000.0,104363.9,104590.0,103573.9,103796.5,74878.51043249026
1747004400000.0,103796.5,104145.0,103764.8,104126.0,57115.8321751
1747008000000.0,104126.9,104638.0,104066.0,104593.3,49349.163954570286
1747011600000.0,104593.3,105150.0,103755.2,103988.5,131110.39797816012
1747015200000.0,103988.5,104210.0,103715.5,103900.2,56361.13423945028
1747018800000.0,103900.2,104100.0,103716.4,104099.9,24375.039234880012
1747022400000.0,104100.0,104170.0,103818.1,104062.5,24398.481266909967
1747026000000.0,104062.5,104080.0,103750.0,103949.8,32070.928918389982
1747029600000.0,103949.9,104412.0,103802.3,104381.5,43511.54678441001
1747033200000.0,104381.5,105850.0,104164.1,104481.1,465935.1096072915
1747036800000.0,104481.1,104736.5,104074.3,104608.9,89854.09486189019
1747040400000.0,104608.9,104671.9,104365.0,104457.2,36435.19853567002
1747044000000.0,104456.0,104557.8,104161.0,104528.9,33269.32794848
1747047600000.0,104528.9,104633.3,103626.2,103767.8,109054.38860569996
1747051200000.0,103767.8,104146.0,103724.1,103888.3,62855.78718317042
1747054800000.0,103888.3,104651.8,103674.0,104326.3,147467.75967412998
1747058400000.0,104326.4,104390.0,102580.0,102814.4,315690.00419155095
1747062000000.0,102814.5,103216.0,102395.2,102540.6,144998.49391711043
1747065600000.0,102536.1,103075.0,102433.5,102863.3,78108.53362391019
1747069200000.0,102863.3,103087.6,102539.0,102558.0,40888.750501690054
1747072800000.0,102558.0,102660.0,100739.3,101624.9,236241.10707206943
1747076400000.0,101625.0,102116.5,101485.7,101859.5,58699.64737402025
1747080000000.0,101859.3,102895.2,101775.7,102682.0,34724.24478556998
1747083600000.0,102684.0,102754.3,102356.1,102502.8,18588.36229602001
1747087200000.0,102502.8,102936.5,102350.1,102865.4,27651.54649244005
1747090800000.0,102865.5,103136.9,102788.1,102790.0,34469.22104700997
1747094400000.0,102790.1,102790.1,102177.4,102273.8,32777.32407666996
1747098000000.0,102273.9,102717.9,102080.2,102408.0,59331.22320416002
1747101600000.0,102394.3,102707.6,101700.8,102068.5,76944.41783911982
1747105200000.0,102068.6,102164.9,101440.1,101717.6,112359.29711377984
1747108800000.0,101717.6,102765.9,101614.0,102741.6,92093.73475423036
1747112400000.0,102738.6,102738.6,102267.9,102466.1,84785.68739233038
1747116000000.0,102466.1,102682.1,102339.0,102545.1,34247.96528086003
1747119600000.0,102545.2,102950.0,102545.2,102670.0,51061.70418082992
1747123200000.0,102669.9,102954.0,102548.7,102715.2,52827.26240837992
1747126800000.0,102715.2,103519.2,102713.4,103461.2,93593.34336780052
1747130400000.0,103461.2,103618.1,103268.8,103560.0,29366.032161590025
1747134000000.0,103559.9,103834.1,103450.6,103724.9,75182.18161787021
1747137600000.0,103729.8,103998.0,103322.0,103688.0,130527.4074972898
1747141200000.0,103687.9,103928.5,103400.8,103717.0,82533.75518491029
1747144800000.0,103718.1,103752.0,102809.2,103203.8,196791.7000365305
1747148400000.0,103204.0,103880.0,103150.0,103685.6,77175.03142289976
1747152000000.0,103685.5,104408.1,103534.9,103730.0,130073.9110780198
1747155600000.0,103730.0,104305.8,103706.1,104259.1,62971.10742831
1747159200000.0,104259.1,104428.0,104084.3,104366.0,58981.66648185996
1747162800000.0,104366.0,104986.0,104156.2,104788.7,122825.48110394008
1747166400000.0,104788.7,104934.1,104390.9,104668.0,34881.86574746996
1747170000000.0,104553.8,104618.1,104178.2,104567.5,30821.78167042001
1747173600000.0,104339.9,104437.5,104240.5,104306.5,27319.32615048
1747177200000.0,104133.9,104293.4,103875.6,104127.7,29861.205226050053
1747180800000.0,104122.3,104129.4,103771.8,103924.5,38971.80335110006
1747184400000.0,103923.3,104083.9,103700.0,103737.8,44305.07718782992
1747188000000.0,103737.8,103800.0,103500.0,103716.4,43143.45068269992
1747191600000.0,103716.4,103785.1,103454.0,103593.2,20219.007881840025
1747195200000.0,103593.2,103862.0,103465.8,103758.9,41398.42305105996
1747198800000.0,103759.0,103995.9,103704.1,103905.9,59333.85896489996
1747202400000.0,103906.0,103972.0,103666.0,103761.9,43781.58577942008
1747206000000.0,103761.9,103807.6,103396.9,103713.9,66475.04384315993
1747209600000.0,103711.9,103885.7,103201.5,103207.5,92163.73070148028
1747213200000.0,103207.6,103500.0,102866.2,103485.6,91192.98565948992
1747216800000.0,103485.6,103933.2,103460.2,103712.4,59121.36924104026
1747220400000.0,103712.5,104155.9,103712.5,103956.0,37868.91870685998
1747224000000.0,103955.9,104212.0,103908.0,104000.0,41501.62940117987
1747227600000.0,104000.1,104357.6,103486.2,103967.8,72334.50725098008
1747231200000.0,103967.8,103971.5,103763.4,103780.0,100125.40778014992
1747234800000.0,103263.8,103555.4,103194.3,103518.0,51943.124010730295
1747238400000.0,103518.1,103617.6,103174.0,103371.4,27331.263804840055
1747242000000.0,103371.5,103439.9,102608.3,103266.1,53513.98755801991
1747245600000.0,103266.2,103540.0,103156.1,103528.4,33518.43702524001
1747249200000.0,103528.4,103724.1,103250.0,103329.6,33085.4359752
1747252800000.0,103330.0,103660.0,103296.8,103558.1,12657.989351739965
1747256400000.0,103558.1,103671.6,103429.2,103650.0,16880.92061448999
1747260000000.0,103650.1,103662.0,103429.2,103511.5,10562.132948249984
1747263600000.0,103511.5,103616.0,103347.2,103505.6,18475.84870793
1747267200000.0,103505.7,103867.9,103485.7,103800.7,14942.366599750005
1747270800000.0,103800.8,103800.8,102972.0,103036.0,41177.516098320135
1747274400000.0,103034.3,103212.3,102912.5,103050.6,22182.52276989005
1747278000000.0,103050.7,103148.6,102719.5,102758.1,55915.14111967029
1747281600000.0,102751.0,102970.0,102706.6,102899.9,19194.61710739993
1747285200000.0,102899.9,102931.9,102333.0,102376.2,57136.06621642
1747288800000.0,102376.1,102689.9,102148.0,102256.0,41830.68100422
1747292400000.0,102256.0,102460.0,101724.3,101788.9,133438.74011052013
1747296000000.0,101789.0,102330.9,101766.8,102271.6,50830.87862199988
1747299600000.0,102271.6,102271.6,101505.3,101820.9,52668.323847970256
1747303200000.0,101820.8,101933.9,101604.1,101813.7,27427.462859119998
1747306800000.0,101813.7,102443.9,101786.0,102375.9,55027.275331620265
1747310400000.0,102375.9,102838.1,102271.3,102564.0,141773.92193376008
1747314000000.0,102564.0,102800.0,101574.8,102145.9,73324.70378536996
1747317600000.0,102145.9,102399.9,101384.9,101991.6,84137.45037702975
1747321200000.0,101991.6,103288.0,101925.9,103254.9,85074.96807146988
1747324800000.0,103254.1,103846.0,103026.6,103838.0,74633.54898176024
1747328400000.0,103838.0,104196.4,103651.6,103997.9,53673.11056637996
1747332000000.0,103970.6,104018.6,103848.1,103945.5,98366.61085399041
1747335600000.0,102696.0,103237.1,102633.7,103162.7,37040.714617539976
1747339200000.0,103160.0,103493.2,103152.2,103440.8,36814.25086747002
1747342800000.0,103440.7,103440.7,102710.6,103295.3,17805.713977190004
1747346400000.0,103295.3,103985.0,103252.1,103580.0,44037.121264209956
1747350000000.0,103500.1,103907.9,103231.2,103766.7,39353.18247544006
1747353600000.0,103766.5,104036.9,103651.2,103760.7,36783.41843778001
1747357200000.0,103760.8,104100.0,103474.1,104051.9,44630.443788
1747360800000.0,104052.0,104465.0,103930.6,104199.7,49822.6857575502
1747364400000.0,104199.7,104340.0,103999.6,104023.3,20718.349050819972
1747368000000.0,104025.4,104200.0,103812.3,103916.8,31260.15198575996
1747371600000.0,103916.9,104152.0,103830.3,103908.2,26165.541805190012
1747375200000.0,103908.2,104099.9,103868.0,103993.9,23219.04773811
1747378800000.0,103994.0,104197.9,103694.0,103705.0,59891.046395190104
1747382400000.0,103705.1,103768.0,103109.7,103400.0,50511.17650312996
1747386000000.0,103400.1,103816.8,103400.1,103798.9,18595.69520041
1747389600000.0,103798.9,103883.2,103637.2,103803.0,18554.131748709966
1747393200000.0,103803.0,103914.0,103556.8,103672.0,22730.171648070023
1747396800000.0,103672.0,103789.3,103477.1,103506.8,44435.0328925301
1747400400000.0,103506.8,104090.0,103438.3,103999.9,30150.344212610013
1747404000000.0,103999.9,103999.9,103339.3,103585.9,56854.31531832029
1747407600000.0,103585.9,104285.7,103585.9,104187.9,47364.23082527992
1747411200000.0,104188.0,104555.0,103819.0,104191.0,77445.55754473015
1747414800000.0,104146.9,104397.9,103920.0,103920.0,28022.220408729998
1747418400000.0,103865.9,104100.0,103688.0,103690.0,16237.381430410016
1747422000000.0,103689.9,104053.7,103585.6,104023.3,26475.60687499
1747425600000.0,104025.5,104036.0,103956.8,103956.9,22402.912485980014
1747429200000.0,103683.4,103794.1,103494.0,103612.0,15517.024273919991
1747432800000.0,103612.1,103622.4,103391.6,103514.2,39921.212847359995
1747436400000.0,103514.2,103693.9,103418.0,103461.2,9593.729917200004
1747440000000.0,103461.2,103541.5,103090.8,103349.1,34921.87417212
1747443600000.0,103349.1,103349.1,102600.0,102823.7,49163.971445160176
1747447200000.0,102823.7,103357.9,102728.0,103276.0,33227.359527960005
1747450800000.0,103274.3,103579.8,103150.0,103505.5,17180.510805119993
1747454400000.0,103506.5,103669.9,103460.0,103658.0,43542.87855995999
1747458000000.0,103658.1,103729.1,103333.3,103354.2,45831.113948880105
1747461600000.0,103354.2,103500.0,103286.0,103486.1,8617.510327919987
1747465200000.0,103486.0,103645.0,103430.0,103450.0,10783.406424960001
1747468800000.0,103449.9,103571.3,103126.8,103418.0,24591.59897064
1747472400000.0,103418.1,103554.0,102827.6,102916.2,69141.34042920005
1747476000000.0,102916.0,103054.8,102829.3,102887.9,18907.25641428
1747479600000.0,102887.9,103104.7,102750.1,102998.0,18007.440263280027
1747483200000.0,102998.0,103073.8,102900.1,102944.4,10152.69554880001
1747486800000.0,102944.5,103108.8,102613.9,102712.7,48583.06403531002
1747490400000.0,102712.8,103187.9,102704.7,103134.6,40222.74216065006
1747494000000.0,103134.6,103184.0,102980.1,103090.0,31123.59980588
1747497600000.0,102950.1,103118.0,102950.0,103036.0,26473.07082827
1747501200000.0,102952.0,103304.0,102931.9,103134.0,9040.6550076
1747504800000.0,103134.0,103372.5,102971.7,102996.3,27508.8532398
1747508400000.0,102996.3,103200.0,102930.0,103153.0,3551.7070420499967
1747512000000.0,103153.0,103440.7,103140.0,103376.0,7115.8190415800145
1747515600000.0,103380.0,103480.0,103198.0,103277.7,11153.989295040008
1747519200000.0,103250.3,103255.9,102924.0,103040.1,8038.1381248800135
1747522800000.0,103040.0,103225.9,102958.6,103133.6,6560.945761750017
1747526400000.0,103133.7,103419.4,103100.1,103378.6,4617.770481230007
1747530000000.0,103378.6,103412.3,103139.0,103254.7,6826.6532643700175
1747533600000.0,103254.7,103358.0,103240.0,103336.0,3778.742624110005
1747537200000.0,103336.0,103394.0,103134.7,103282.6,9261.502561579991
1747540800000.0,103282.6,103442.0,103282.6,103430.3,42567.72408182999
1747544400000.0,103345.7,103680.0,103345.6,103644.0,21351.82564720996
1747548000000.0,103644.0,103676.0,103366.0,103476.7,8572.633039840015
1747551600000.0,103473.0,103976.3,103440.0,103927.9,22142.34983160001
1747555200000.0,103928.0,104087.9,103810.7,103908.6,20020.52975508
1747558800000.0,103908.7,104053.1,103908.6,103977.9,28020.66641666996
1747562400000.0,103870.0,103933.2,103785.2,103860.0,4761.461529740003
1747566000000.0,103860.0,103990.1,103796.0,103802.2,4534.6575162000045
1747569600000.0,103803.9,103958.0,103698.6,103950.1,7639.512386420016
1747573200000.0,103950.1,104800.0,103896.0,104733.4,43322.483906000016
1747576800000.0,104733.3,105556.6,104542.3,105278.6,83240.53564528002
1747580400000.0,105278.6,105666.6,104970.0,105515.9,40079.063461920014
1747584000000.0,105515.9,106000.0,105161.0,105818.0,40987.096094119916
1747587600000.0,105820.0,105904.0,104830.7,104844.6,37777.61351898001
1747591200000.0,104844.6,104931.7,104000.0,104510.0,71217.01568219988
1747594800000.0,104506.1,104763.7,103858.6,103882.9,24432.47817144
1747598400000.0,103882.4,104248.2,103270.7,104060.0,53927.02224708008
1747602000000.0,104060.1,104618.5,104060.1,104181.0,19564.405926480013
1747605600000.0,104181.0,105988.1,103968.4,105944.0,49203.27168708
1747609200000.0,105944.0,106669.0,105470.0,106468.7,71395.54042842002
1747612800000.0,106468.9,107140.1,105147.5,105250.3,91590.63797627988
1747616400000.0,105250.3,105403.9,105118.1,105319.9,43558.07634683
1747620000000.0,105052.0,105197.2,104565.1,104646.2,27065.046009569982
1747623600000.0,104646.3,104646.3,103546.2,103609.4,46615.71335034
1747627200000.0,103610.0,103772.0,102800.0,103002.4,88289.46062954013
1747630800000.0,103002.4,103114.9,102515.8,103031.9,98970.67199855017
1747634400000.0,103032.0,103194.8,102080.4,102464.0,72496.4244258299
1747638000000.0,102200.0,103343.8,102166.7,103222.1,40879.88259593
1747641600000.0,103222.0,103353.0,102981.4,103319.9,26368.160810479967
1747645200000.0,103239.2,103445.1,102988.1,103073.9,21012.43590586
1747648800000.0,103073.8,103094.1,102849.9,102963.5,17039.506989129986
1747652400000.0,102929.2,103072.8,102780.0,102960.5,9248.300276069991
1747656000000.0,102960.5,102960.5,102720.9,102759.9,23141.871901789997
1747659600000.0,102477.8,103600.0,102321.3,103291.7,45854.1908145
1747663200000.0,103291.7,104374.9,103184.6,104322.9,55216.59415110005
1747666800000.0,104322.9,104969.7,104264.2,104796.0,56950.903018799996
1747670400000.0,104796.0,105446.2,104498.3,105365.7,48533.998622070016
1747674000000.0,105365.6,105583.3,104941.1,105379.7,33858.87331378
1747677600000.0,105378.2,105555.5,104706.5,104782.1,23229.15548346001
1747681200000.0,104782.2,105555.4,104641.5,105518.1,19953.252934000007
1747684800000.0,105513.7,105794.8,105332.5,105471.0,12068.858067120003
1747688400000.0,105471.1,105533.2,105024.7,105460.0,15113.941291540004
1747692000000.0,105458.6,105654.3,105188.8,105557.4,15727.280073340027
1747695600000.0,105557.5,105838.2,105454.9,105568.1,13035.761720760003
1747699200000.0,105568.1,106584.2,105553.8,105719.6,51372.65597624
1747702800000.0,105718.0,106796.8,105695.1,106451.1,29161.64361808
1747706400000.0,106451.2,106867.0,106000.0,106097.9,25496.30750254001
1747710000000.0,106097.9,106177.6,105529.7,105755.7,19834.353476620006
1747713600000.0,105755.7,106250.0,105533.3,106220.8,24834.959607740013
1747717200000.0,106220.9,106400.0,106062.0,106111.9,17193.106188399997
1747720800000.0,106112.0,106220.0,105376.1,105461.4,18075.71432248
1747724400000.0,105461.4,105740.4,104920.0,105018.3,31023.322102719998
1747728000000.0,105014.8,105248.8,104848.0,105225.3,28334.352358420012
1747731600000.0,105222.6,105410.0,105188.3,105297.2,56243.85901773
1747735200000.0,105297.3,105434.9,105013.7,105031.4,21123.19537271997
1747738800000.0,105033.6,105354.0,104906.1,105206.0,10546.994464439991
1747742400000.0,105206.1,105211.5,104651.8,104774.0,21646.63635960001
1747746000000.0,104774.1,104875.6,104180.0,104448.5,33947.475250920026
1747749600000.0,104448.5,104997.0,104300.0,104755.0,29927.40147346001
1747753200000.0,104522.5,105401.7,104480.6,105340.4,21872.04689325001
1747756800000.0,105341.4,105527.9,105241.1,105391.8,10893.984916929996
1747760400000.0,105214.0,106333.3,105214.0,106290.0,28493.636522740002
1747764000000.0,106200.6,106414.9,106085.0,106165.1,17747.697852270005
1747767600000.0,105279.9,107254.2,105203.6,107017.9,33163.00075770001
1747771200000.0,107018.0,107308.7,106600.0,106910.0,18994.182259600002
1747774800000.0,106910.1,107232.8,106806.0,107021.8,7171.9975212
1747778400000.0,106613.1,106893.0,105939.9,106776.1,7373.59269696
1747782000000.0,106775.2,107218.2,106631.6,106846.1,9944.313650880003
1747785600000.0,106846.0,107210.0,106460.0,106745.9,8723.592463999994
1747789200000.0,106746.0,107083.3,106413.8,106489.1,3970.742345920001
1747792800000.0,106489.2,106913.9,106183.0,106846.0,10453.280596480005
1747796400000.0,106846.0,107095.7,106746.1,106838.0,7940.952333760006
1747800000000.0,106839.0,107713.5,106720.0,107286.1,18241.79885376
1747803600000.0,107286.2,107726.0,107286.1,107533.2,12347.510420479995
1747807200000.0,107533.2,107997.3,107299.3,107758.1,13551.257765120004
1747810800000.0,107758.1,107873.8,106444.1,106509.9,17519.29937312
1747814400000.0,106506.1,106796.0,106344.8,106386.0,8133.282414399996
1747818000000.0,106386.9,106532.5,106286.0,106430.6,5064.067259039999
1747821600000.0,106200.1,106451.6,106138.0,106336.1,4732.93165604
1747825200000.0,106336.1,106712.5,106255.6,106528.5,5771.04502324
1747828800000.0,106528.1,106879.7,106396.1,106570.1,3460.8373419200007
1747832400000.0,106570.2,107653.0,106319.7,107259.9,12632.009794040006
1747836000000.0,107260.0,109000.0,107000.0,109000.0,28769.46665824001
1747839600000.0,108999.9,109458.0,108430.0,109157.8,30653.9419222
1747843200000.0,108973.9,109860.0,108698.8,109680.7,14897.26069608
1747846800000.0,109131.0,109349.9,106593.1,107370.1,26014.233284100002
1747850400000.0,106593.7,107424.2,106328.1,107105.5,4825.88203736
1747854000000.0,106960.1,108854.0,106612.4,108618.1,4436.42207003
1747857600000.0,108612.8,108750.0,108172.0,108334.0,1435.9393477200001
1747861200000.0,108240.1,108550.0,107937.1,108420.0,639.6832015
1747864800000.0,108420.1,109038.0,108280.8,108742.6,1445.8241512
1747868400000.0,108742.7,110804.2,108660.7,109642.8,7815.8827108000005
1747872000000.0,109646.0,110165.2,109179.5,109962.0,3867.2159311
1747875600000.0,109962.0,110552.9,109663.9,109910.1,2306.92908595
1747879200000.0,109910.1,110972.0,109815.0,110469.7,2396.6192491
1747882800000.0,110469.8,111880.0,110327.3,111773.9,5888.905746
1747886400000.0,111774.0,111791.5,111221.1,111467.1,2417.84542885
1747890000000.0,111467.0,111656.5,110820.5,110868.0,1799.18224515
1747893600000.0,110870.0,111178.0,110457.3,110600.0,2257.12149925
1747897200000.0,110600.0,111132.0,110458.1,111038.3,4784.2460533
1747900800000.0,111038.4,111157.5,110406.1,110581.3,1691.9972255799998
1747904400000.0,110400.1,110833.2,110262.1,110811.0,323.89727133
1747908000000.0,110811.1,110956.0,110595.6,110792.3,138.90416416
1747911600000.0,110790.1,110833.9,110724.0,110812.1,3.27393177
